elemento insertado, costo promedio, costo real, costo real promedio
1,1,1,0
2,1,2,0
3,1,3,0
4,1,4,0
5,1,5,0
6,1,6,0
7,1,7,0
8,1,8,0
9,1,9,0
10,1,10,0
11,1,11,0
12,1,12,0
13,1,13,0
14,1,14,0
15,1,15,0
16,1,16,0
17,1,17,0
18,1,18,0
19,1,19,0
20,1,20,0
21,1,21,0
22,1,22,0
23,1,23,0
24,1,24,0
25,1,25,0
26,1,26,0
27,1,27,0
28,1,28,0
29,1,29,0
30,1,30,0
31,1,31,0
32,1,32,0
33,1,33,0
34,1,34,0
35,1,35,0
36,1,36,0
37,1,37,0
38,1,38,0
39,1,39,0
40,1,40,0
41,1,41,0
42,1,42,0
43,1,43,0
44,1,44,0
45,1,45,0
46,1,46,0
47,1,47,0
48,1,48,0
49,1,49,0
50,1,50,0
51,1,51,0
52,1,52,0
53,1,53,0
54,1,54,0
55,1,55,0
56,1,56,0
57,1,57,0
58,1,58,0
59,1,59,0
60,1,60,0
61,1,61,0
62,1,62,0
63,1,63,0
64,1,64,0
65,1,65,0
66,1,66,0
67,1,67,0
68,1,68,0
69,1,69,0
70,1,70,0
71,1,71,0
72,1,72,0
73,1,73,0
74,1,74,0
75,1,75,0
76,1,76,0
77,1,77,0
78,1,78,0
79,1,79,0
80,1,80,0
81,1,81,0
82,1,82,0
83,1,83,0
84,1,84,0
85,1,85,0
86,1,86,0
87,1,87,0
88,1,88,0
89,1,89,0
90,1,90,0
91,1,91,0
92,1,92,0
93,1,93,0
94,1,94,0
95,1,95,0
96,1,96,0
97,1,97,0
98,1,98,0
99,1,99,0
100,1,100,0
101,1,101,0
102,1,102,0
103,1,103,0
104,1,104,0
105,1,105,0
106,1,106,0
107,1,107,0
108,1,108,0
109,1,109,0
110,1,110,0
111,1,111,0
112,1,112,0
113,1,113,0
114,1,114,0
115,1,115,0
116,1,116,0
117,1,117,0
118,1,118,0
119,1,119,0
120,1,120,0
121,1,121,0
122,1,122,0
123,1,123,0
124,1,124,0
125,1,125,0
126,1,126,0
127,1,127,0
128,1,128,0
129,2,129,0
130,2,130,0
131,2,131,0
132,2,132,0
133,2,133,0
134,2,134,0
135,2,135,0
136,2,136,0
137,2,137,0
138,2,138,0
139,2,139,0
140,2,140,0
141,2,141,0
142,2,142,0
143,2,143,0
144,2,144,0
145,2,145,0
146,2,146,0
147,2,147,0
148,2,148,0
149,2,149,0
150,2,150,0
151,2,151,0
152,2,152,0
153,2,153,0
154,2,154,0
155,2,155,0
156,2,156,0
157,2,157,0
158,2,158,0
159,2,159,0
160,2,160,0
161,2,161,0
162,2,162,0
163,2,163,0
164,2,164,0
165,2,165,0
166,2,166,0
167,2,167,0
168,2,168,0
169,2,169,0
170,2,170,0
171,2,171,0
172,2,172,0
173,2,173,0
174,2,174,0
175,2,175,0
176,2,176,0
177,2,177,0
178,2,178,0
179,2,179,0
180,2,180,0
181,2,181,0
182,2,182,0
183,2,183,0
184,2,184,0
185,2,185,0
186,2,186,0
187,2,187,0
188,2,188,0
189,2,189,0
190,2,190,0
191,2,191,0
192,2,192,0
193,2,193,0
194,2,194,0
195,2,195,0
196,2,196,0
197,2,197,0
198,2,198,0
199,2,199,0
200,2,200,0
201,2,201,0
202,2,202,0
203,2,203,0
204,2,204,0
205,2,205,0
206,2,206,0
207,2,207,0
208,2,208,0
209,2,209,0
210,2,210,0
211,2,211,0
212,2,212,0
213,2,213,0
214,2,214,0
215,2,215,0
216,2,216,0
217,2,217,0
218,2,218,0
219,2,219,0
220,2,220,0
221,2,221,0
222,2,222,0
223,2,223,0
224,2,224,0
225,2,225,0
226,2,226,0
227,2,227,0
228,2,228,0
229,2,229,0
230,2,230,0
231,2,231,0
232,2,232,0
233,2,233,0
234,2,234,0
235,2,235,0
236,2,236,0
237,2,237,0
238,2,238,0
239,2,239,0
240,2,240,0
241,2,241,0
242,2,242,0
243,2,243,0
244,2,244,0
245,2,245,0
246,2,246,0
247,2,247,0
248,2,248,0
249,2,249,0
250,2,250,0
251,2,251,0
252,2,252,0
253,2,253,0
254,2,254,0
255,2,255,0
256,2,256,0
257,3,257,0
258,3,258,0
259,3,259,0
260,3,260,0
261,3,261,0
262,3,262,0
263,3,263,0
264,3,264,0
265,3,265,0
266,3,266,0
267,3,267,0
268,3,268,0
269,3,269,0
270,3,270,0
271,3,271,0
272,3,272,0
273,3,273,0
274,3,274,0
275,3,275,0
276,3,276,0
277,3,277,0
278,3,278,0
279,3,279,0
280,3,280,0
281,3,281,0
282,3,282,0
283,3,283,0
284,3,284,0
285,3,285,0
286,3,286,0
287,3,287,0
288,3,288,0
289,3,289,0
290,3,290,0
291,3,291,0
292,3,292,0
293,3,293,0
294,3,294,0
295,3,295,0
296,3,296,0
297,3,297,0
298,3,298,0
299,3,299,0
300,3,300,0
301,3,301,0
302,3,302,0
303,3,303,0
304,3,304,0
305,3,305,0
306,3,306,0
307,3,307,0
308,3,308,0
309,3,309,0
310,3,310,0
311,3,311,0
312,3,312,0
313,3,313,0
314,3,314,0
315,3,315,0
316,3,316,0
317,3,317,0
318,3,318,0
319,3,319,0
320,3,320,0
321,3,321,0
322,3,322,0
323,3,323,0
324,3,324,0
325,3,325,0
326,3,326,0
327,3,327,0
328,3,328,0
329,3,329,0
330,3,330,0
331,3,331,0
332,3,332,0
333,3,333,0
334,3,334,0
335,3,335,0
336,3,336,0
337,3,337,0
338,3,338,0
339,3,339,0
340,3,340,0
341,3,341,0
342,3,342,0
343,3,343,0
344,3,344,0
345,3,345,0
346,3,346,0
347,3,347,0
348,3,348,0
349,3,349,0
350,3,350,0
351,3,351,0
352,3,352,0
353,3,353,0
354,3,354,0
355,3,355,0
356,3,356,0
357,3,357,0
358,3,358,0
359,3,359,0
360,3,360,0
361,3,361,0
362,3,362,0
363,3,363,0
364,3,364,0
365,3,365,0
366,3,366,0
367,3,367,0
368,3,368,0
369,3,369,0
370,3,370,0
371,3,371,0
372,3,372,0
373,3,373,0
374,3,374,0
375,3,375,0
376,3,376,0
377,3,377,0
378,3,378,0
379,3,379,0
380,3,380,0
381,3,381,0
382,3,382,0
383,3,383,0
384,3,384,0
385,2,615,1
386,2,616,1
387,2,617,1
388,2,618,1
389,2,619,1
390,2,620,1
391,2,621,1
392,2,622,1
393,2,623,1
394,2,624,1
395,2,625,1
396,2,626,1
397,2,627,1
398,2,628,1
399,2,629,1
400,2,630,1
401,2,631,1
402,2,632,1
403,2,633,1
404,2,634,1
405,2,635,1
406,2,636,1
407,2,637,1
408,2,638,1
409,2,639,1
410,2,640,1
411,2,641,1
412,2,642,1
413,2,643,1
414,2,644,1
415,2,645,1
416,2,646,1
417,2,647,1
418,2,648,1
419,2,649,1
420,2,650,1
421,2,651,1
422,2,652,1
423,2,653,1
424,2,654,1
425,2,655,1
426,2,656,1
427,2,657,1
428,2,658,1
429,2,659,1
430,2,660,1
431,2,661,1
432,2,662,1
433,2,663,1
434,2,664,1
435,2,665,1
436,2,666,1
437,2,667,1
438,2,668,1
439,2,669,1
440,3,670,1
441,3,671,1
442,3,672,1
443,3,673,1
444,3,674,1
445,3,675,1
446,3,676,1
447,3,677,1
448,3,678,1
449,3,679,1
450,3,680,1
451,3,681,1
452,3,682,1
453,3,683,1
454,3,684,1
455,3,685,1
456,3,686,1
457,3,687,1
458,3,688,1
459,3,689,1
460,3,690,1
461,3,691,1
462,3,692,1
463,3,693,1
464,3,694,1
465,3,695,1
466,3,696,1
467,3,697,1
468,3,698,1
469,3,699,1
470,3,700,1
471,3,701,1
472,3,702,1
473,3,703,1
474,3,704,1
475,3,705,1
476,3,706,1
477,3,707,1
478,3,708,1
479,3,709,1
480,3,710,1
481,3,711,1
482,3,712,1
483,3,713,1
484,3,714,1
485,3,715,1
486,3,716,1
487,3,717,1
488,3,718,1
489,3,719,1
490,3,720,1
491,3,721,1
492,3,722,1
493,3,723,1
494,3,724,1
495,3,725,1
496,3,726,1
497,3,727,1
498,3,728,1
499,3,729,1
500,3,730,1
501,3,731,1
502,3,732,1
503,3,733,1
504,3,734,1
505,3,735,1
506,3,736,1
507,3,737,1
508,3,738,1
509,3,739,1
510,3,740,1
511,3,741,1
512,3,742,1
513,3,743,1
514,3,744,1
515,3,745,1
516,3,746,1
517,3,747,1
518,3,748,1
519,3,749,1
520,3,750,1
521,3,751,1
522,3,752,1
523,3,753,1
524,3,754,1
525,3,755,1
526,3,756,1
527,3,757,1
528,3,758,1
529,3,759,1
530,3,760,1
531,3,761,1
532,3,762,1
533,3,763,1
534,3,764,1
535,3,765,1
536,3,766,1
537,3,767,1
538,3,768,1
539,3,769,1
540,3,770,1
541,3,771,1
542,3,772,1
543,3,773,1
544,3,774,1
545,3,775,1
546,3,776,1
547,3,777,1
548,3,778,1
549,3,779,1
550,3,780,1
551,3,781,1
552,3,782,1
553,3,783,1
554,3,784,1
555,3,785,1
556,3,786,1
557,3,787,1
558,3,788,1
559,3,789,1
560,3,790,1
561,3,791,1
562,3,792,1
563,3,793,1
564,3,794,1
565,3,795,1
566,3,796,1
567,3,797,1
568,3,798,1
569,3,799,1
570,3,800,1
571,3,801,1
572,3,802,1
573,3,803,1
574,3,804,1
575,3,805,1
576,3,806,1
577,3,807,1
578,3,808,1
579,3,809,1
580,3,810,1
581,3,811,1
582,3,812,1
583,3,813,1
584,3,814,1
585,3,815,1
586,3,816,1
587,3,817,1
588,3,818,1
589,3,819,1
590,3,820,1
591,3,821,1
592,3,822,1
593,3,823,1
594,3,824,1
595,3,825,1
596,3,826,1
597,3,827,1
598,3,828,1
599,3,829,1
600,3,830,1
601,3,831,1
602,3,832,1
603,3,833,1
604,3,834,1
605,3,835,1
606,3,836,1
607,3,837,1
608,3,838,1
609,3,839,1
610,3,840,1
611,3,841,1
612,3,842,1
613,3,843,1
614,3,844,1
615,3,845,1
616,3,846,1
617,3,847,1
618,3,848,1
619,3,849,1
620,3,850,1
621,3,851,1
622,3,852,1
623,3,853,1
624,3,854,1
625,3,855,1
626,3,856,1
627,3,857,1
628,3,858,1
629,3,859,1
630,3,860,1
631,3,861,1
632,3,862,1
633,3,863,1
634,3,864,1
635,3,865,1
636,3,866,1
637,3,867,1
638,3,868,1
639,3,869,1
640,3,870,1
641,3,871,1
642,3,872,1
643,3,873,1
644,3,874,1
645,3,875,1
646,3,876,1
647,3,877,1
648,3,878,1
649,3,879,1
650,3,880,1
651,3,881,1
652,3,882,1
653,3,883,1
654,3,884,1
655,3,885,1
656,3,886,1
657,3,887,1
658,3,888,1
659,3,889,1
660,3,890,1
661,3,891,1
662,3,892,1
663,3,893,1
664,3,894,1
665,3,895,1
666,3,896,1
667,3,897,1
668,3,898,1
669,3,899,1
670,3,900,1
671,3,901,1
672,3,902,1
673,3,903,1
674,3,904,1
675,3,905,1
676,3,906,1
677,3,907,1
678,3,908,1
679,3,909,1
680,3,910,1
681,3,911,1
682,3,912,1
683,3,913,1
684,3,914,1
685,3,915,1
686,3,916,1
687,3,917,1
688,3,918,1
689,3,919,1
690,3,920,1
691,3,921,1
692,3,922,1
693,3,923,1
694,3,924,1
695,3,925,1
696,3,926,1
697,3,927,1
698,3,928,1
699,3,929,1
700,3,930,1
701,3,931,1
702,3,932,1
703,3,933,1
704,3,934,1
705,3,935,1
706,3,936,1
707,3,937,1
708,3,938,1
709,3,939,1
710,3,940,1
711,3,941,1
712,3,942,1
713,3,943,1
714,3,944,1
715,3,945,1
716,3,946,1
717,3,947,1
718,3,948,1
719,3,949,1
720,3,950,1
721,3,951,1
722,3,952,1
723,3,953,1
724,3,954,1
725,3,955,1
726,3,956,1
727,3,957,1
728,3,958,1
729,3,959,1
730,3,960,1
731,3,961,1
732,3,962,1
733,3,963,1
734,3,964,1
735,3,965,1
736,3,966,1
737,3,967,1
738,3,968,1
739,3,969,1
740,3,970,1
741,3,971,1
742,3,972,1
743,3,973,1
744,3,974,1
745,3,975,1
746,3,976,1
747,3,977,1
748,3,978,1
749,3,979,1
750,3,980,1
751,3,981,1
752,3,982,1
753,3,983,1
754,3,984,1
755,3,985,1
756,3,986,1
757,3,987,1
758,3,988,1
759,3,989,1
760,3,990,1
761,3,991,1
762,3,992,1
763,3,993,1
764,3,994,1
765,3,995,1
766,3,996,1
767,3,997,1
768,3,998,1
769,3,999,1
770,3,1000,1
771,3,1001,1
772,3,1002,1
773,3,1003,1
774,3,1004,1
775,3,1005,1
776,3,1006,1
777,3,1007,1
778,3,1008,1
779,3,1009,1
780,3,1010,1
781,3,1011,1
782,3,1012,1
783,3,1013,1
784,3,1014,1
785,3,1015,1
786,3,1016,1
787,3,1017,1
788,3,1018,1
789,3,1019,1
790,3,1020,1
791,3,1021,1
792,3,1022,1
793,3,1023,1
794,3,1024,1
795,3,1025,1
796,3,1026,1
797,3,1027,1
798,3,1028,1
799,3,1029,1
800,3,1030,1
801,3,1031,1
802,3,1032,1
803,3,1033,1
804,3,1034,1
805,3,1035,1
806,3,1036,1
807,3,1037,1
808,3,1038,1
809,3,1039,1
810,3,1040,1
811,3,1041,1
812,3,1042,1
813,3,1043,1
814,3,1044,1
815,3,1045,1
816,3,1046,1
817,3,1047,1
818,3,1048,1
819,3,1049,1
820,3,1050,1
821,3,1051,1
822,3,1052,1
823,3,1053,1
824,3,1054,1
825,3,1055,1
826,3,1056,1
827,3,1057,1
828,3,1058,1
829,3,1059,1
830,3,1060,1
831,3,1061,1
832,3,1062,1
833,3,1063,1
834,3,1064,1
835,3,1065,1
836,3,1066,1
837,3,1067,1
838,3,1068,1
839,3,1069,1
840,3,1296,1
841,3,1297,1
842,3,1298,1
843,3,1299,1
844,3,1300,1
845,3,1301,1
846,3,1302,1
847,3,1303,1
848,3,1304,1
849,3,1305,1
850,3,1306,1
851,3,1307,1
852,3,1308,1
853,3,1309,1
854,3,1310,1
855,3,1311,1
856,3,1312,1
857,3,1313,1
858,3,1314,1
859,3,1315,1
860,3,1316,1
861,3,1317,1
862,3,1318,1
863,3,1319,1
864,3,1320,1
865,3,1321,1
866,3,1322,1
867,3,1323,1
868,3,1324,1
869,3,1325,1
870,3,1326,1
871,3,1327,1
872,3,1328,1
873,3,1329,1
874,3,1330,1
875,3,1331,1
876,3,1332,1
877,3,1333,1
878,3,1334,1
879,3,1335,1
880,3,1336,1
881,3,1337,1
882,3,1338,1
883,3,1339,1
884,3,1340,1
885,3,1341,1
886,3,1342,1
887,3,1343,1
888,3,1344,1
889,3,1345,1
890,3,1346,1
891,3,1347,1
892,3,1348,1
893,3,1349,1
894,3,1350,1
895,3,1351,1
896,3,1352,1
897,3,1353,1
898,3,1354,1
899,3,1355,1
900,3,1356,1
901,3,1357,1
902,3,1358,1
903,3,1359,1
904,3,1360,1
905,3,1361,1
906,3,1362,1
907,3,1363,1
908,3,1364,1
909,3,1365,1
910,3,1366,1
911,3,1367,1
912,3,1368,1
913,3,1369,1
914,3,1370,1
915,3,1371,1
916,3,1372,1
917,3,1373,1
918,3,1374,1
919,3,1375,1
920,3,1376,1
921,3,1377,1
922,3,1378,1
923,3,1379,1
924,3,1380,1
925,3,1381,1
926,3,1382,1
927,3,1383,1
928,3,1384,1
929,3,1385,1
930,3,1386,1
931,3,1387,1
932,3,1388,1
933,3,1389,1
934,3,1390,1
935,3,1391,1
936,3,1392,1
937,3,1393,1
938,3,1394,1
939,3,1395,1
940,3,1396,1
941,3,1397,1
942,3,1398,1
943,3,1399,1
944,3,1400,1
945,3,1401,1
946,3,1402,1
947,3,1403,1
948,3,1404,1
949,3,1405,1
950,3,1406,1
951,3,1407,1
952,3,1408,1
953,3,1409,1
954,3,1410,1
955,3,1411,1
956,3,1412,1
957,3,1413,1
958,3,1414,1
959,3,1415,1
960,3,1416,1
961,3,1417,1
962,3,1418,1
963,3,1419,1
964,3,1420,1
965,3,1421,1
966,3,1422,1
967,3,1423,1
968,3,1424,1
969,3,1425,1
970,3,1426,1
971,3,1427,1
972,3,1428,1
973,3,1429,1
974,3,1430,1
975,3,1431,1
976,3,1432,1
977,3,1433,1
978,3,1434,1
979,3,1435,1
980,3,1436,1
981,3,1437,1
982,3,1438,1
983,3,1439,1
984,3,1440,1
985,3,1441,1
986,3,1442,1
987,3,1443,1
988,3,1444,1
989,3,1445,1
990,3,1446,1
991,3,1447,1
992,3,1448,1
993,3,1449,1
994,3,1450,1
995,3,1451,1
996,3,1452,1
997,3,1453,1
998,3,1454,1
999,3,1455,1
1000,3,1456,1
1001,3,1457,1
1002,3,1458,1
1003,3,1459,1
1004,3,1460,1
1005,3,1461,1
1006,3,1462,1
1007,3,1463,1
1008,3,1464,1
1009,3,1465,1
1010,3,1466,1
1011,3,1467,1
1012,3,1468,1
1013,3,1469,1
1014,3,1470,1
1015,3,1471,1
1016,3,1472,1
1017,3,1473,1
1018,3,1474,1
1019,3,1475,1
1020,3,1476,1
1021,3,1477,1
1022,3,1478,1
1023,3,1479,1
1024,3,1480,1
1025,3,1481,1
1026,3,1482,1
1027,3,1483,1
1028,3,1484,1
1029,3,1485,1
1030,3,1486,1
1031,3,1487,1
1032,3,1488,1
1033,3,1489,1
1034,3,1490,1
1035,3,1491,1
1036,3,1492,1
1037,3,1493,1
1038,3,1494,1
1039,3,1495,1
1040,3,1496,1
1041,3,1497,1
1042,3,1498,1
1043,3,1499,1
1044,3,1500,1
1045,3,1501,1
1046,3,1502,1
1047,3,1503,1
1048,3,1504,1
1049,3,1505,1
1050,3,1506,1
1051,3,1507,1
1052,3,1508,1
1053,3,1509,1
1054,3,1510,1
1055,3,1511,1
1056,3,1512,1
1057,3,1513,1
1058,3,1514,1
1059,3,1515,1
1060,3,1516,1
1061,3,1517,1
1062,3,1518,1
1063,3,1519,1
1064,3,1520,1
1065,3,1521,1
1066,3,1522,1
1067,3,1523,1
1068,3,1524,1
1069,3,1525,1
1070,3,1526,1
1071,3,1527,1
1072,3,1528,1
1073,3,1529,1
1074,3,1530,1
1075,3,1531,1
1076,3,1532,1
1077,3,1533,1
1078,3,1534,1
1079,3,1535,1
1080,3,1536,1
1081,3,1537,1
1082,3,1538,1
1083,3,1539,1
1084,3,1540,1
1085,3,1541,1
1086,3,1542,1
1087,3,1543,1
1088,3,1544,1
1089,3,1545,1
1090,3,1546,1
1091,3,1547,1
1092,3,1548,1
1093,3,1549,1
1094,3,1550,1
1095,3,1551,1
1096,3,1552,1
1097,3,1553,1
1098,3,1554,1
1099,3,1555,1
1100,3,1556,1
1101,3,1557,1
1102,3,1558,1
1103,3,1559,1
1104,3,1560,1
1105,3,1561,1
1106,3,1562,1
1107,3,1563,1
1108,3,1564,1
1109,3,1565,1
1110,3,1566,1
1111,3,1567,1
1112,3,1568,1
1113,3,1569,1
1114,3,1570,1
1115,3,1571,1
1116,3,1572,1
1117,3,1573,1
1118,3,1574,1
1119,3,1575,1
1120,3,1576,1
1121,3,1577,1
1122,3,1578,1
1123,3,1579,1
1124,3,1580,1
1125,3,1581,1
1126,3,1582,1
1127,3,1583,1
1128,3,1584,1
1129,3,1585,1
1130,3,1586,1
1131,3,1587,1
1132,3,1588,1
1133,3,1589,1
1134,3,1590,1
1135,3,1591,1
1136,3,1592,1
1137,3,1593,1
1138,3,1594,1
1139,3,1595,1
1140,3,1596,1
1141,3,1597,1
1142,3,1598,1
1143,3,1599,1
1144,3,1600,1
1145,3,1601,1
1146,3,1602,1
1147,3,1603,1
1148,3,1604,1
1149,3,1605,1
1150,3,1606,1
1151,3,1607,1
1152,3,1608,1
1153,3,1609,1
1154,3,1610,1
1155,3,1611,1
1156,3,1612,1
1157,3,1613,1
1158,3,1614,1
1159,3,1615,1
1160,3,1616,1
1161,3,1617,1
1162,3,1618,1
1163,3,1619,1
1164,3,1620,1
1165,3,1621,1
1166,3,1622,1
1167,3,1623,1
1168,3,1624,1
1169,3,1625,1
1170,3,1626,1
1171,3,1627,1
1172,3,1628,1
1173,3,1629,1
1174,3,1630,1
1175,3,1631,1
1176,3,1632,1
1177,3,1633,1
1178,3,1634,1
1179,3,1635,1
1180,3,1636,1
1181,3,1637,1
1182,3,1638,1
1183,3,1639,1
1184,3,1640,1
1185,3,1641,1
1186,3,1642,1
1187,3,1643,1
1188,3,1644,1
1189,3,1645,1
1190,3,1646,1
1191,3,1647,1
1192,3,1648,1
1193,3,1649,1
1194,3,1650,1
1195,3,1651,1
1196,3,1652,1
1197,3,1653,1
1198,3,1654,1
1199,3,1655,1
1200,3,1656,1
1201,3,1657,1
1202,3,1658,1
1203,3,1659,1
1204,3,1660,1
1205,3,1661,1
1206,3,1662,1
1207,3,1663,1
1208,3,1664,1
1209,3,1665,1
1210,3,1666,1
1211,3,1667,1
1212,3,1668,1
1213,3,1669,1
1214,3,1670,1
1215,3,1671,1
1216,3,1672,1
1217,3,1673,1
1218,3,1674,1
1219,3,1675,1
1220,3,1676,1
1221,3,1677,1
1222,3,1678,1
1223,3,1679,1
1224,3,1680,1
1225,3,1681,1
1226,3,1682,1
1227,3,1683,1
1228,3,1684,1
1229,3,1685,1
1230,3,1686,1
1231,3,1687,1
1232,3,1688,1
1233,3,1689,1
1234,3,1690,1
1235,3,1691,1
1236,3,1692,1
1237,3,1693,1
1238,3,1694,1
1239,3,1695,1
1240,3,1696,1
1241,3,1697,1
1242,3,1698,1
1243,3,1699,1
1244,3,1700,1
1245,3,1701,1
1246,3,1702,1
1247,3,1703,1
1248,3,1704,1
1249,3,1705,1
1250,3,1706,1
1251,3,1707,1
1252,3,1708,1
1253,3,1709,1
1254,3,1710,1
1255,3,1711,1
1256,3,1712,1
1257,3,1713,1
1258,3,1714,1
1259,3,1715,1
1260,3,1716,1
1261,3,1717,1
1262,3,1718,1
1263,3,1719,1
1264,3,1720,1
1265,3,1721,1
1266,3,1722,1
1267,3,1723,1
1268,3,1724,1
1269,3,1725,1
1270,3,1726,1
1271,3,1727,1
1272,3,1728,1
1273,3,1729,1
1274,3,1730,1
1275,3,1731,1
1276,3,1732,1
1277,3,1733,1
1278,3,1734,1
1279,3,1735,1
1280,3,1736,1
1281,3,1737,1
1282,3,1738,1
1283,3,1739,1
1284,3,1740,1
1285,3,1741,1
1286,3,1742,1
1287,3,1743,1
1288,3,1744,1
1289,3,1745,1
1290,3,1746,1
1291,3,1747,1
1292,3,1748,1
1293,3,1749,1
1294,3,1750,1
1295,3,1751,1
1296,3,1752,1
1297,3,1753,1
1298,3,1754,1
1299,3,1755,1
1300,3,1756,1
1301,3,1757,1
1302,3,1758,1
1303,3,1759,1
1304,3,1760,1
1305,3,1761,1
1306,3,1762,1
1307,3,1763,1
1308,3,1764,1
1309,3,1765,1
1310,3,1766,1
1311,3,1767,1
1312,3,1768,1
1313,3,1769,1
1314,3,1770,1
1315,3,1771,1
1316,3,1772,1
1317,3,1773,1
1318,3,1774,1
1319,3,1775,1
1320,3,1776,1
1321,3,1777,1
1322,3,1778,1
1323,3,1779,1
1324,3,1780,1
1325,3,2018,1
1326,3,2019,1
1327,3,2020,1
1328,3,2021,1
1329,3,2022,1
1330,3,2023,1
1331,3,2024,1
1332,3,2025,1
1333,3,2026,1
1334,3,2027,1
1335,3,2028,1
1336,3,2029,1
1337,3,2030,1
1338,3,2031,1
1339,3,2032,1
1340,3,2033,1
1341,3,2034,1
1342,3,2035,1
1343,3,2036,1
1344,3,2037,1
1345,3,2038,1
1346,3,2039,1
1347,3,2040,1
1348,3,2041,1
1349,3,2042,1
1350,3,2043,1
1351,3,2044,1
1352,3,2045,1
1353,3,2046,1
1354,3,2047,1
1355,3,2048,1
1356,3,2049,1
1357,3,2050,1
1358,3,2051,1
1359,3,2052,1
1360,3,2053,1
1361,3,2054,1
1362,3,2055,1
1363,3,2056,1
1364,3,2057,1
1365,3,2058,1
1366,3,2059,1
1367,3,2060,1
1368,3,2061,1
1369,3,2062,1
1370,3,2063,1
1371,3,2064,1
1372,3,2065,1
1373,3,2066,1
1374,3,2067,1
1375,3,2068,1
1376,3,2069,1
1377,3,2070,1
1378,3,2071,1
1379,3,2072,1
1380,3,2073,1
1381,3,2074,1
1382,3,2075,1
1383,3,2076,1
1384,3,2077,1
1385,3,2078,1
1386,3,2079,1
1387,3,2080,1
1388,3,2081,1
1389,3,2082,1
1390,3,2083,1
1391,3,2084,1
1392,3,2085,1
1393,3,2086,1
1394,3,2087,1
1395,3,2088,1
1396,3,2089,1
1397,3,2090,1
1398,3,2091,1
1399,3,2092,1
1400,3,2093,1
1401,3,2094,1
1402,3,2095,1
1403,3,2096,1
1404,3,2097,1
1405,3,2098,1
1406,3,2099,1
1407,3,2100,1
1408,3,2101,1
1409,3,2102,1
1410,3,2103,1
1411,3,2104,1
1412,3,2105,1
1413,3,2106,1
1414,3,2107,1
1415,3,2108,1
1416,3,2109,1
1417,3,2110,1
1418,3,2111,1
1419,3,2112,1
1420,3,2113,1
1421,3,2114,1
1422,3,2115,1
1423,3,2116,1
1424,3,2117,1
1425,3,2118,1
1426,3,2119,1
1427,3,2120,1
1428,3,2121,1
1429,3,2122,1
1430,3,2123,1
1431,3,2124,1
1432,3,2125,1
1433,3,2126,1
1434,3,2127,1
1435,3,2128,1
1436,3,2129,1
1437,3,2130,1
1438,3,2131,1
1439,3,2132,1
1440,3,2133,1
1441,3,2134,1
1442,3,2135,1
1443,3,2136,1
1444,3,2137,1
1445,3,2138,1
1446,3,2139,1
1447,3,2140,1
1448,3,2141,1
1449,3,2142,1
1450,3,2143,1
1451,3,2144,1
1452,3,2145,1
1453,3,2146,1
1454,3,2147,1
1455,3,2148,1
1456,3,2149,1
1457,3,2150,1
1458,3,2151,1
1459,3,2152,1
1460,3,2153,1
1461,3,2154,1
1462,3,2155,1
1463,3,2156,1
1464,3,2157,1
1465,3,2158,1
1466,3,2159,1
1467,3,2160,1
1468,3,2161,1
1469,3,2162,1
1470,3,2163,1
1471,3,2164,1
1472,3,2165,1
1473,3,2166,1
1474,3,2167,1
1475,3,2168,1
1476,3,2169,1
1477,3,2170,1
1478,3,2171,1
1479,3,2172,1
1480,3,2173,1
1481,3,2174,1
1482,3,2175,1
1483,3,2176,1
1484,3,2177,1
1485,3,2178,1
1486,3,2179,1
1487,3,2180,1
1488,3,2181,1
1489,3,2182,1
1490,3,2183,1
1491,3,2184,1
1492,3,2185,1
1493,3,2186,1
1494,3,2187,1
1495,3,2188,1
1496,3,2189,1
1497,3,2190,1
1498,3,2191,1
1499,3,2192,1
1500,3,2193,1
1501,3,2194,1
1502,3,2195,1
1503,3,2196,1
1504,3,2197,1
1505,3,2198,1
1506,3,2199,1
1507,3,2200,1
1508,3,2201,1
1509,3,2202,1
1510,3,2203,1
1511,3,2204,1
1512,3,2444,1
1513,3,2445,1
1514,3,2446,1
1515,3,2447,1
1516,3,2448,1
1517,3,2449,1
1518,3,2450,1
1519,3,2451,1
1520,3,2452,1
1521,3,2453,1
1522,3,2454,1
1523,3,2455,1
1524,3,2456,1
1525,3,2457,1
1526,3,2458,1
1527,3,2459,1
1528,3,2460,1
1529,3,2461,1
1530,3,2462,1
1531,3,2463,1
1532,3,2464,1
1533,3,2465,1
1534,3,2466,1
1535,3,2467,1
1536,3,2468,1
1537,3,2469,1
1538,3,2470,1
1539,3,2471,1
1540,3,2472,1
1541,3,2473,1
1542,3,2474,1
1543,3,2475,1
1544,3,2476,1
1545,3,2477,1
1546,3,2478,1
1547,3,2479,1
1548,3,2480,1
1549,3,2481,1
1550,3,2482,1
1551,3,2483,1
1552,3,2484,1
1553,3,2485,1
1554,3,2486,1
1555,3,2487,1
1556,3,2488,1
1557,3,2489,1
1558,3,2490,1
1559,3,2491,1
1560,3,2492,1
1561,3,2493,1
1562,3,2494,1
1563,3,2495,1
1564,3,2496,1
1565,3,2497,1
1566,3,2498,1
1567,3,2499,1
1568,3,2500,1
1569,3,2501,1
1570,3,2502,1
1571,3,2503,1
1572,3,2504,1
1573,3,2505,1
1574,3,2506,1
1575,3,2507,1
1576,3,2508,1
1577,3,2509,1
1578,3,2510,1
1579,3,2511,1
1580,3,2512,1
1581,3,2513,1
1582,3,2514,1
1583,3,2515,1
1584,3,2516,1
1585,3,2517,1
1586,3,2518,1
1587,3,2519,1
1588,3,2520,1
1589,3,2521,1
1590,3,2522,1
1591,3,2523,1
1592,3,2524,1
1593,3,2525,1
1594,3,2526,1
1595,3,2527,1
1596,3,2528,1
1597,3,2529,1
1598,3,2530,1
1599,3,2531,1
1600,3,2532,1
1601,3,2533,1
1602,3,2534,1
1603,3,2535,1
1604,3,2536,1
1605,3,2537,1
1606,3,2538,1
1607,3,2539,1
1608,3,2540,1
1609,3,2541,1
1610,3,2542,1
1611,3,2543,1
1612,3,2544,1
1613,3,2545,1
1614,3,2546,1
1615,3,2547,1
1616,3,2548,1
1617,3,2549,1
1618,3,2550,1
1619,3,2551,1
1620,3,2552,1
1621,3,2553,1
1622,3,2554,1
1623,3,2555,1
1624,3,2556,1
1625,3,2557,1
1626,3,2558,1
1627,3,2559,1
1628,3,2560,1
1629,3,2561,1
1630,3,2562,1
1631,3,2563,1
1632,3,2564,1
1633,3,2565,1
1634,3,2566,1
1635,3,2567,1
1636,3,2568,1
1637,3,2569,1
1638,3,2570,1
1639,3,2571,1
1640,3,2572,1
1641,3,2573,1
1642,3,2574,1
1643,3,2575,1
1644,3,2576,1
1645,3,2577,1
1646,3,2578,1
1647,3,2579,1
1648,3,2580,1
1649,3,2581,1
1650,3,2582,1
1651,3,2583,1
1652,3,2584,1
1653,3,2585,1
1654,3,2586,1
1655,3,2587,1
1656,3,2588,1
1657,3,2589,1
1658,3,2590,1
1659,3,2591,1
1660,3,2592,1
1661,3,2593,1
1662,3,2594,1
1663,3,2595,1
1664,3,2596,1
1665,3,2597,1
1666,3,2598,1
1667,3,2599,1
1668,3,2600,1
1669,3,2601,1
1670,3,2602,1
1671,3,2603,1
1672,3,2604,1
1673,3,2605,1
1674,3,2606,1
1675,3,2607,1
1676,3,2608,1
1677,3,2609,1
1678,3,2610,1
1679,3,2611,1
1680,3,2612,1
1681,3,2613,1
1682,3,2614,1
1683,3,2615,1
1684,3,2616,1
1685,3,2617,1
1686,3,2618,1
1687,3,2619,1
1688,3,2620,1
1689,3,2621,1
1690,3,2622,1
1691,3,2623,1
1692,3,2624,1
1693,3,2625,1
1694,3,2626,1
1695,3,2627,1
1696,3,2628,1
1697,3,2629,1
1698,3,2630,1
1699,3,2631,1
1700,3,2632,1
1701,3,2633,1
1702,3,2634,1
1703,3,2635,1
1704,3,2636,1
1705,3,2637,1
1706,3,2638,1
1707,3,2639,1
1708,3,2640,1
1709,3,2641,1
1710,3,2642,1
1711,3,2643,1
1712,3,2644,1
1713,3,2645,1
1714,3,2646,1
1715,3,2647,1
1716,3,2648,1
1717,3,2649,1
1718,3,2650,1
1719,3,2651,1
1720,3,2652,1
1721,3,2653,1
1722,3,2654,1
1723,3,2655,1
1724,3,2656,1
1725,3,2657,1
1726,3,2658,1
1727,3,2659,1
1728,3,2660,1
1729,3,2661,1
1730,3,2662,1
1731,3,2663,1
1732,3,2664,1
1733,3,2665,1
1734,3,2666,1
1735,3,2667,1
1736,3,2668,1
1737,3,2669,1
1738,3,2670,1
1739,3,2671,1
1740,3,2672,1
1741,3,2673,1
1742,3,2674,1
1743,3,2675,1
1744,3,2676,1
1745,3,2677,1
1746,3,2678,1
1747,3,2679,1
1748,3,2680,1
1749,3,2681,1
1750,3,2682,1
1751,3,2683,1
1752,3,2684,1
1753,3,2685,1
1754,3,2686,1
1755,3,2687,1
1756,3,2688,1
1757,3,2689,1
1758,3,2690,1
1759,3,2691,1
1760,3,2692,1
1761,3,2693,1
1762,3,2694,1
1763,3,2695,1
1764,3,2696,1
1765,3,2697,1
1766,3,2698,1
1767,3,2699,1
1768,3,2700,1
1769,3,2701,1
1770,3,2702,1
1771,3,2703,1
1772,3,2704,1
1773,3,2705,1
1774,3,2706,1
1775,3,2707,1
1776,3,2708,1
1777,3,2709,1
1778,3,2710,1
1779,3,2711,1
1780,3,2712,1
1781,3,2713,1
1782,3,2714,1
1783,3,2715,1
1784,3,2716,1
1785,3,2717,1
1786,3,2718,1
1787,3,2719,1
1788,3,2720,1
1789,3,2721,1
1790,3,2722,1
1791,3,2723,1
1792,3,2724,1
1793,3,2725,1
1794,3,2726,1
1795,3,2727,1
1796,3,2728,1
1797,3,2729,1
1798,3,2730,1
1799,3,2731,1
1800,3,2732,1
1801,3,2733,1
1802,3,2734,1
1803,3,2735,1
1804,3,2736,1
1805,3,2737,1
1806,3,2738,1
1807,3,2739,1
1808,3,2740,1
1809,3,2741,1
1810,3,2742,1
1811,3,2743,1
1812,3,2744,1
1813,3,2745,1
1814,3,2746,1
1815,3,2747,1
1816,3,2748,1
1817,3,2749,1
1818,3,2750,1
1819,3,2751,1
1820,3,2752,1
1821,3,2753,1
1822,3,2754,1
1823,3,2755,1
1824,3,2756,1
1825,3,2757,1
1826,3,2758,1
1827,3,2759,1
1828,3,2760,1
1829,3,2761,1
1830,3,2762,1
1831,3,2763,1
1832,3,2764,1
1833,3,2765,1
1834,3,2766,1
1835,3,2767,1
1836,3,2768,1
1837,3,2769,1
1838,3,2770,1
1839,3,2771,1
1840,3,2772,1
1841,3,2773,1
1842,3,2774,1
1843,3,2775,1
1844,3,2776,1
1845,3,2777,1
1846,3,2778,1
1847,3,2779,1
1848,3,2780,1
1849,3,2781,1
1850,3,2782,1
1851,3,2783,1
1852,3,2784,1
1853,3,2785,1
1854,3,2786,1
1855,3,2787,1
1856,3,2788,1
1857,3,2789,1
1858,3,2790,1
1859,3,2791,1
1860,3,2792,1
1861,3,2793,1
1862,3,2794,1
1863,3,2795,1
1864,3,2796,1
1865,3,2797,1
1866,3,2798,1
1867,3,2799,1
1868,3,2800,1
1869,3,2801,1
1870,3,2802,1
1871,3,2803,1
1872,3,2804,1
1873,3,2805,1
1874,3,2806,1
1875,3,2807,1
1876,3,2808,1
1877,3,2809,1
1878,3,2810,1
1879,3,2811,1
1880,3,2812,1
1881,3,2813,1
1882,3,2814,1
1883,3,2815,1
1884,3,2816,1
1885,3,2817,1
1886,3,2818,1
1887,3,2819,1
1888,3,2820,1
1889,3,2821,1
1890,3,2822,1
1891,3,2823,1
1892,3,2824,1
1893,3,2825,1
1894,3,2826,1
1895,3,2827,1
1896,3,2828,1
1897,3,2829,1
1898,3,2830,1
1899,3,2831,1
1900,3,2832,1
1901,3,2833,1
1902,3,2834,1
1903,3,2835,1
1904,3,2836,1
1905,3,2837,1
1906,3,2838,1
1907,3,2839,1
1908,3,2840,1
1909,3,2841,1
1910,3,2842,1
1911,3,2843,1
1912,3,2844,1
1913,3,2845,1
1914,3,2846,1
1915,3,2847,1
1916,3,2848,1
1917,3,2849,1
1918,3,2850,1
1919,3,2851,1
1920,3,2852,1
1921,3,2853,1
1922,3,2854,1
1923,3,2855,1
1924,3,2856,1
1925,3,2857,1
1926,3,2858,1
1927,3,2859,1
1928,3,2860,1
1929,3,2861,1
1930,3,2862,1
1931,3,2863,1
1932,3,2864,1
1933,3,2865,1
1934,3,2866,1
1935,3,2867,1
1936,3,2868,1
1937,3,2869,1
1938,3,2870,1
1939,3,2871,1
1940,3,2872,1
1941,3,2873,1
1942,3,2874,1
1943,3,2875,1
1944,3,2876,1
1945,3,2877,1
1946,3,2878,1
1947,3,2879,1
1948,3,2880,1
1949,3,2881,1
1950,3,2882,1
1951,3,2883,1
1952,3,2884,1
1953,3,2885,1
1954,3,2886,1
1955,3,2887,1
1956,3,2888,1
1957,3,2889,1
1958,3,2890,1
1959,3,2891,1
1960,3,2892,1
1961,3,2893,1
1962,3,2894,1
1963,3,2895,1
1964,3,2896,1
1965,3,2897,1
1966,3,2898,1
1967,3,2899,1
1968,3,2900,1
1969,3,2901,1
1970,3,2902,1
1971,3,2903,1
1972,3,2904,1
1973,3,2905,1
1974,3,2906,1
1975,3,2907,1
1976,3,2908,1
1977,3,2909,1
1978,3,2910,1
1979,3,2911,1
1980,3,2912,1
1981,3,2913,1
1982,3,2914,1
1983,3,2915,1
1984,3,2916,1
1985,3,2917,1
1986,3,2918,1
1987,3,2919,1
1988,3,2920,1
1989,3,2921,1
1990,3,2922,1
1991,3,2923,1
1992,3,2924,1
1993,3,2925,1
1994,3,2926,1
1995,3,2927,1
1996,3,2928,1
1997,3,2929,1
1998,3,2930,1
1999,3,2931,1
2000,3,2932,1
2001,3,2933,1
2002,3,2934,1
2003,3,2935,1
2004,3,2936,1
2005,3,2937,1
2006,3,2938,1
2007,3,2939,1
2008,3,2940,1
2009,3,2941,1
2010,3,2942,1
2011,3,2943,1
2012,3,2944,1
2013,3,2945,1
2014,3,2946,1
2015,3,2947,1
2016,3,2948,1
2017,3,2949,1
2018,3,2950,1
2019,3,2951,1
2020,3,2952,1
2021,3,3198,1
2022,3,3199,1
2023,3,3200,1
2024,3,3201,1
2025,3,3202,1
2026,3,3203,1
2027,3,3204,1
2028,3,3205,1
2029,3,3206,1
2030,3,3207,1
2031,3,3208,1
2032,3,3209,1
2033,3,3210,1
2034,3,3211,1
2035,3,3212,1
2036,3,3213,1
2037,3,3214,1
2038,3,3215,1
2039,3,3216,1
2040,3,3217,1
2041,3,3218,1
2042,3,3219,1
2043,3,3220,1
2044,3,3221,1
2045,3,3222,1
2046,3,3223,1
2047,3,3224,1
